{
  "n_positions": 10,
  "constrained_R2": 0.6605827831733051,
  "pseudo_F": 0.9731132518103761,
  "permutation_P": 0.534,
  "predictors": [
    "Fe2O3",
    "SiO2",
    "Al2O3",
    "TOT/S",
    "Cu",
    "Pb"
  ]
}
